{"step_1_image2_top":279,"step_1_top":325,"published_at":1513856213412,"step_1_description":"Enter \u0027Country..\u0027","step_1_image1_crop_left":620,"step_1_action":0,"step_1_image1_crop_top":46,"user_id_reputation":1,"authored_at":1513856213412,"tags":[],"step_1_url":"http://localhost:8081/test.html","step_1_image2_crop_left":720,"title":"Test cdn export flow","ups":0,"step_1_image2_left":-692,"url":"http://localhost:8081/test.html","step_1_image1_placement":"t","host":"localhost","downs":0,"steps":1,"step_1_image2_crop_top":46,"runs":0,"step_1_image_height":990,"step_1_image_width":1855,"step_1_page_tags":[],"step_1_left":28,"failures":0,"picture_modified_time":0,"ent":{"cdn_enabled":true,"noindex_tag":"0052aea0-264f-11e7-a947-7071bc63b33d","help_icon_bg_color":"#00BCD4","yt_title":"Shyam VS","gp_segments":[{"creation_time":1511413970471,"description_md":"\u003cp\u003eDescription\u003c/p\u003e","user_id":"303c8010-606a-11e6-b467-7071bc63b33d","conditions":[],"enabled":true,"times_to_show":3,"modified_by":"303c8010-606a-11e6-b467-7071bc63b33d","modification_time":1511413970471,"flow_id":"28cdbf00-30d1-11e7-9924-7071bc63b33d","segment_id":"f3a45e70-d00c-11e7-8ad3-7071bc63b33d","name":"Test popup","description":"Description","title":"Demo Guided popup"}],"sp_segments":[{"creation_time":1493905661907,"description_md":"\u003cp\u003esmart popup description default\u003c/p\u003e","user_id":"303c8010-606a-11e6-b467-7071bc63b33d","conditions":[],"enabled":true,"description_locale_fr":"smart popup description default_fr","times_to_show":2,"modified_by":"303c8010-606a-11e6-b467-7071bc63b33d","modification_time":1493906141192,"segment_id":"3e906230-30d0-11e7-9924-7071bc63b33d","name":"smart popup","description":"smart popup description default","title_locale_fr":"smart popup title default_fr","title":"smart popup title default","description_md_locale_fr":"\u003cp\u003esmart popup description default_fr\u003c/p\u003e"}],"has_yt_token":true,"ent_id":"ff202210-264e-11e7-a947-7071bc63b33d","open":false,"tip_next_key":"78","help_icon_position":"rtm","help_key":"87","export":true,"extension_tag":"00539900-264f-11e7-a947-7071bc63b33d","sh_segments":[{"creation_time":1492750640802,"tag_ids":[],"user_id":"-","name":"Default Segment","modified_by":"-","flow_ids":[],"segment_id":"00565820-264f-11e7-a947-7071bc63b33d","conditions":[],"modification_time":1492750640802,"enabled":false,"order":[]},{"creation_time":1513856105569,"user_id":"080495c0-4cd6-11e7-a0c2-7071bc63b33d","search_filter":{"type":"all_flows","value":""},"name":"SelfHelp ","modified_by":"080495c0-4cd6-11e7-a0c2-7071bc63b33d","flow_ids":["d5548bc0-e641-11e7-9f3a-1c1b0d767b46","bd616970-e641-11e7-9f3a-1c1b0d767b46","adb56b20-e641-11e7-9f3a-1c1b0d767b46"],"segment_id":"fda18320-e642-11e7-9f3a-1c1b0d767b46","conditions":[{"type":"path","operator":"~","op1":"gallery"}],"modification_time":1513856105569,"enabled":true,"order":["d5548bc0-e641-11e7-9f3a-1c1b0d767b46","bd616970-e641-11e7-9f3a-1c1b0d767b46","adb56b20-e641-11e7-9f3a-1c1b0d767b46"]},{"creation_time":1513856345526,"user_id":"87093de0-acd9-11e7-bec6-7071bc63b33d","search_filter":{"type":"all_flows","value":""},"name":"self help test cdn","modified_by":"87093de0-acd9-11e7-bec6-7071bc63b33d","flow_ids":["3dec8ec0-e643-11e7-a0e9-1c1b0d767b8b"],"segment_id":"8ca7e460-e643-11e7-a0e9-1c1b0d767b8b","conditions":[],"modification_time":1513856345526,"enabled":false,"order":["3dec8ec0-e643-11e7-a0e9-1c1b0d767b8b"]}],"name":"shyam-test2","be_segments":[],"pdf":true,"help_icon_text_color":"#FFFFFF","addons":{"video":"yt"},"allow_emails":["whatfix.com","gmail.com"],"help_wid_header_show":"show","tip_close_key":"81","yt_url":"https://www.youtube.com/channel/UC0iYYPk4QBX98wHg17_jZXA","nolive_tag":"0051c440-264f-11e7-a947-7071bc63b33d","help_wid_mode":"live_here","end_feedback_show":"hide","locales":["fr","es"],"help_wid_header_text_color":"#FFFFFF","tl_segments":[{"creation_time":1512646576394,"user_id":"303c8010-606a-11e6-b467-7071bc63b33d","name":"wiki","modified_by":"303c8010-606a-11e6-b467-7071bc63b33d","flow_ids":["8d8d4660-db42-11e7-b80a-1c1b0d767b8b","83820430-db42-11e7-b80a-1c1b0d767b8b","79d2c4b0-db42-11e7-b80a-1c1b0d767b8b"],"segment_id":"d6105ad0-db42-11e7-b80a-1c1b0d767b8b","conditions":[{"type":"hostname","operator":"~","op1":"wiki"}],"modification_time":1512646576394,"enabled":true,"order":["8d8d4660-db42-11e7-b80a-1c1b0d767b8b","83820430-db42-11e7-b80a-1c1b0d767b8b","79d2c4b0-db42-11e7-b80a-1c1b0d767b8b"]},{"creation_time":1513856149255,"user_id":"080495c0-4cd6-11e7-a0c2-7071bc63b33d","name":"Tasker","modified_by":"080495c0-4cd6-11e7-a0c2-7071bc63b33d","flow_ids":["22ba6380-e642-11e7-9f3a-1c1b0d767b46","bd616970-e641-11e7-9f3a-1c1b0d767b46"],"segment_id":"17abc5a0-e643-11e7-9f3a-1c1b0d767b46","conditions":[{"type":"path","operator":"~","op1":"gallery"}],"modification_time":1513856149255,"enabled":true,"order":["22ba6380-e642-11e7-9f3a-1c1b0d767b46","bd616970-e641-11e7-9f3a-1c1b0d767b46"]}],"non_api_mode":true,"spotlight_tag":"00545c50-264f-11e7-a947-7071bc63b33d","help_wid_color":"#00BCD4","st_segments":[{"creation_time":1511430400306,"user_id":"303c8010-606a-11e6-b467-7071bc63b33d","flow_id":"04359760-d033-11e7-a806-1c1b0d767b8b","name":"wiki icon","modified_by":"303c8010-606a-11e6-b467-7071bc63b33d","segment_id":"34a0ea80-d033-11e7-a806-1c1b0d767b8b","conditions":[{"type":"path","operator":"~","op1":"wiki/Main_Page"}],"modification_time":1511430400306,"enabled":true}],"yt_privacy":"public","properties":{"next":"next","installContentHeader":"Whatfix extension for","ignoreExtension":"not now","editorClickOn":"Click on ","taskListMultiplePending":"tasks pending ","endFeedbackQuestionLabel":"Was this flow helpful?","stepOfN":"{0} (step {1} of {2})","widgetLauncherLabel":"Self Help","installContent":"By installing Whatfix\u0027s browser extension, you\u0027ll be able to create interactive walkthroughs(flows) on any website. Additionally, you\u0027ll be able to get live instructions by clicking See Live on Whatfix flows.","skip":"SKIP","installPageTitle":"Install whatfix extension","widgetCloseTitle":"close","editorEnter":"Enter ","installUnsupportedBrowserContent":"Whatfix extension is available for chrome and firefox browsers only.","endDefaultMessage":"That\u0027s it!","seeLiveTitle":"\u0027see live\u0027 help directly inside website","endSubjectiveFeedbackLabel":"Let us know why","editorSelect":"Select ","endFeedbackNo":"NO","nothingFound":"Sorry, no results found","ok":"OK","close":"CLOSE","guide":"GUIDE ME","tipCloseTitle":"close","extensionRequiredNotice":"Whatfix browser extension is required to use this feature","seeLive":"see live","maxCharacterLimit":"max {0} characters","widgetSearchClearTitle":"clear","installButtonUnsupportedBrowserLabel":"Chrome Extension","unsupportedBrowserNotice":"To use this feature, use the Google Chrome or Mozilla Firefox browser","loading":"loading...","widgetTitle":"Self Help","endSubjectiveFeedbackPlaceholder":"Give your comment here","endFeedbackYes":"YES","endSendFeedback":"SUBMIT","editorClickHere":"Click here","taskListSinglePending":"task pending ","taskerCloseTitle":"close","taskListLabel":"Task List ","installExtension":"install","installButtonLabel":"INSTALL","searchMore":"Enter your search criteria here","widgetSearchTitle":"search","startDontShowAgain":"Don\u0027t Show me Again","editorEnterValue":"Enter "}},"step_1_width":1784,"user_id":"87093de0-acd9-11e7-bec6-7071bc63b33d","step_1_image2_placement":"t","step_1_image1_top":279,"user_id_user_name_md5":"286c79e5e45edf746cc200eca612cac2","step_1_placement":"t","step_1_optional":false,"author_name":"-","step_1_height":41,"flow_id":"3dec8ec0-e643-11e7-a0e9-1c1b0d767b8b","user_id_name":"-","step_1_image1_left":-592,"step_1_zoom":1.0,"votes":0,"run_direct":true,"views":0,"step_1_parent_marks":[],"is_static":false,"author":"87093de0-acd9-11e7-bec6-7071bc63b33d","author_user_name_md5":"286c79e5e45edf746cc200eca612cac2","yt_id":"OjJNBTaHjaM","ent_id":"ff202210-264e-11e7-a947-7071bc63b33d","step_1_description_md":"Enter \u0027Country..\u0027","step_1_tag":"input","author_reputation":1,"step_1_marks":[{"attribute":"tag","value":"input"},{"attribute":"path","value":"body-3/div-1/form-9/"},{"attribute":"type","value":"text"},{"attribute":"depth","value":"5"},{"attribute":"id","value":"country"},{"attribute":"placeholder","value":"Country.."},{"attribute":"name","value":"country"},{"attribute":"parent-tag","value":"form"},{"attribute":"width","value":"1784"},{"attribute":"height","value":"41"}],"type":"flow","step_1_finder_ver":3,"yt_on":1513856854948,"step_1_image_creation_time":1513856209204}