{"step_2_image_width":1863,"step_4_image_width":1863,"step_5_placement":"b","step_1_image2_top":216,"step_5_description_md":"Featured picture","step_1_top":216,"step_2_image_height":635,"step_2_width":711,"locale":"es","step_3_selector":"","step_4_zoom":1.0,"step_2_note":"","published_at":1512646421625,"step_5_image1_top":85,"step_4_conditions":[],"step_4_image_height":635,"step_5_description":"Featured picture","step_4_image_creation_time":1491386329319,"step_1_description":"Featured article","step_4_image1_top":85,"step_1_image1_crop_left":346,"step_3_height":30,"step_2_left":1104,"step_3_top":173,"step_1_action":0,"step_4_image2_placement":"b","step_4_image2_crop_top":67,"step_5_image1_placement":"b","step_2_image2_top":216,"step_5_width":1605,"step_4_placement":"b","step_4_image1_left":-55,"step_5_url":"https://en.wikipedia.org/wiki/Main_Page","step_3_description":"Interesting facts","step_5_image2_crop_top":15,"step_1_image1_crop_top":0,"step_4_parent_marks":[],"step_2_note_md":"","step_5_image2_placement":"b","step_4_optional":false,"step_4_action":0,"user_id_reputation":11,"authored_at":1512646421625,"step_5_image2_crop_left":812,"step_4_width":711,"tags":[],"step_2_image1_crop_left":1159,"step_4_tag":"h2","step_3_placement":"b","step_3_optional":false,"step_1_url":"https://en.wikipedia.org/wiki/Main_Page","step_1_image2_crop_left":446,"title":"Different sections of wikipedia home","step_2_conditions":[],"step_4_note":"","step_2_zoom":1.0,"ups":0,"step_2_action":0,"step_4_image2_left":-155,"step_1_image2_left":-236,"step_5_image2_left":-602,"step_5_note_md":"","url":"https://en.wikipedia.org/wiki/Main_Page","step_2_selector":"","step_1_image1_placement":"t","step_3_url":"https://en.wikipedia.org/wiki/Main_Page","host":"en.wikipedia.org","step_3_finder_ver":3,"downs":0,"steps":5,"step_3_image2_crop_top":88,"step_1_image2_crop_top":0,"step_4_top":152,"step_2_height":30,"step_3_image1_placement":"b","step_5_action":0,"step_4_left":1104,"step_2_image2_placement":"t","step_2_tag":"h2","step_2_image2_crop_top":0,"runs":0,"step_3_conditions":[],"step_3_image1_top":85,"step_1_note_md":"","step_1_image_height":635,"step_5_height":30,"step_3_parent_marks":[],"step_1_image_width":1863,"step_3_image_width":1863,"step_1_note":"","step_5_image_width":1863,"step_3_image1_crop_top":88,"step_1_left":210,"step_3_action":0,"step_5_image_creation_time":1491386348364,"step_3_image2_crop_left":446,"failures":0,"picture_modified_time":0,"step_5_zoom":1.0,"step_3_note_md":"","step_4_image2_top":85,"ent":{"export":true,"non_api_mode":true,"help_wid_header_show":"show","sp_segments":[{"creation_time":1493905661907,"description_md":"\u003cp\u003esmart popup description default\u003c/p\u003e","user_id":"303c8010-606a-11e6-b467-7071bc63b33d","conditions":[],"enabled":true,"times_to_show":2,"modified_by":"303c8010-606a-11e6-b467-7071bc63b33d","modification_time":1493906141192,"segment_id":"3e906230-30d0-11e7-9924-7071bc63b33d","name":"smart popup","description":"smart popup description default","title":"smart popup title default"}],"help_key":"87","help_wid_mode":"live_here","end_feedback_show":"hide","properties":{"next":"next","installContentHeader":"Whatfix extension for","ignoreExtension":"not now","editorClickOn":"Click on ","taskListMultiplePending":"tasks pending ","endFeedbackQuestionLabel":"Was this flow helpful?","stepOfN":"{0} (step {1} of {2})","widgetLauncherLabel":"Self Help","installContent":"By installing Whatfix\u0027s browser extension, you\u0027ll be able to create interactive walkthroughs(flows) on any website. Additionally, you\u0027ll be able to get live instructions by clicking See Live on Whatfix flows.","skip":"SKIP","installPageTitle":"Install whatfix extension","widgetCloseTitle":"close","editorEnter":"Enter ","installUnsupportedBrowserContent":"Whatfix extension is available for chrome and firefox browsers only.","endDefaultMessage":"That\u0027s it!","seeLiveTitle":"\u0027see live\u0027 help directly inside website","endSubjectiveFeedbackLabel":"Let us know why","editorSelect":"Select ","endFeedbackNo":"NO","nothingFound":"Sorry, no results found","ok":"OK","close":"CLOSE","guide":"GUIDE ME","tipCloseTitle":"close","extensionRequiredNotice":"Whatfix browser extension is required to use this feature","seeLive":"see live","maxCharacterLimit":"max {0} characters","widgetSearchClearTitle":"clear","installButtonUnsupportedBrowserLabel":"Chrome Extension","unsupportedBrowserNotice":"To use this feature, use the Google Chrome or Mozilla Firefox browser","loading":"loading...","widgetTitle":"Self Help","endSubjectiveFeedbackPlaceholder":"Give your comment here","endFeedbackYes":"YES","endSendFeedback":"SUBMIT","editorClickHere":"Click here","taskListSinglePending":"task pending ","taskerCloseTitle":"close","taskListLabel":"Task List ","installExtension":"install","installButtonLabel":"INSTALL","searchMore":"Enter your search criteria here","widgetSearchTitle":"search","startDontShowAgain":"Don\u0027t Show me Again","editorEnterValue":"Enter "},"open":false,"locales":["fr","es"],"yt_url":"https://www.youtube.com/channel/UC0iYYPk4QBX98wHg17_jZXA","noindex_tag":"0052aea0-264f-11e7-a947-7071bc63b33d","be_segments":[],"addons":{"video":"yt"},"tip_close_key":"81","yt_title":"Shyam VS","gp_segments":[{"creation_time":1511413970471,"description_md":"\u003cp\u003eDescription\u003c/p\u003e","user_id":"303c8010-606a-11e6-b467-7071bc63b33d","conditions":[],"enabled":true,"times_to_show":3,"modified_by":"303c8010-606a-11e6-b467-7071bc63b33d","modification_time":1511413970471,"flow_id":"28cdbf00-30d1-11e7-9924-7071bc63b33d","segment_id":"f3a45e70-d00c-11e7-8ad3-7071bc63b33d","name":"Test popup","description":"Description","title":"Demo Guided popup"}],"ent_id":"ff202210-264e-11e7-a947-7071bc63b33d","has_yt_token":true,"extension_tag":"00539900-264f-11e7-a947-7071bc63b33d","pdf":true,"yt_privacy":"public","help_icon_text_color":"#FFFFFF","nolive_tag":"0051c440-264f-11e7-a947-7071bc63b33d","cdn_enabled":true,"help_icon_bg_color":"#00BCD4","locale_es_properties":{"next":"next","installContentHeader":"Whatfix extension for","ignoreExtension":"not now","editorClickOn":"Click on ","taskListMultiplePending":"tasks pending ","endFeedbackQuestionLabel":"Was this flow helpful?","stepOfN":"{0} (step {1} of {2})","widgetLauncherLabel":"Self Help","installContent":"By installing Whatfix\u0027s browser extension, you\u0027ll be able to create interactive walkthroughs(flows) on any website. Additionally, you\u0027ll be able to get live instructions by clicking See Live on Whatfix flows.","skip":"SKIP","installPageTitle":"Install whatfix extension","widgetCloseTitle":"close","editorEnter":"Enter ","installUnsupportedBrowserContent":"Whatfix extension is available for chrome and firefox browsers only.","endDefaultMessage":"That\u0027s it!","seeLiveTitle":"\u0027see live\u0027 help directly inside website","endSubjectiveFeedbackLabel":"Let us know why","editorSelect":"Select ","endFeedbackNo":"NO","nothingFound":"Sorry, no results found","ok":"OK","close":"CLOSE","guide":"GUIDE ME","tipCloseTitle":"close","extensionRequiredNotice":"Whatfix browser extension is required to use this feature","seeLive":"see live","maxCharacterLimit":"max {0} characters","widgetSearchClearTitle":"clear","installButtonUnsupportedBrowserLabel":"Chrome Extension","unsupportedBrowserNotice":"To use this feature, use the Google Chrome or Mozilla Firefox browser","loading":"loading...","widgetTitle":"Self Help","endSubjectiveFeedbackPlaceholder":"Give your comment here","endFeedbackYes":"YES","endSendFeedback":"SUBMIT","editorClickHere":"Click here","taskListSinglePending":"task pending ","taskerCloseTitle":"close","taskListLabel":"Task List ","installExtension":"install","installButtonLabel":"INSTALL","searchMore":"Enter your search criteria here","widgetSearchTitle":"search","startDontShowAgain":"Don\u0027t Show me Again","editorEnterValue":"Enter "},"spotlight_tag":"00545c50-264f-11e7-a947-7071bc63b33d","name":"shyam-test2","help_wid_header_text_color":"#FFFFFF","tl_segments":[{"creation_time":1512646576394,"user_id":"303c8010-606a-11e6-b467-7071bc63b33d","name":"wiki","modified_by":"303c8010-606a-11e6-b467-7071bc63b33d","flow_ids":["8d8d4660-db42-11e7-b80a-1c1b0d767b8b","83820430-db42-11e7-b80a-1c1b0d767b8b","79d2c4b0-db42-11e7-b80a-1c1b0d767b8b"],"segment_id":"d6105ad0-db42-11e7-b80a-1c1b0d767b8b","conditions":[{"type":"hostname","operator":"~","op1":"wiki"}],"modification_time":1512646576394,"enabled":true,"order":["8d8d4660-db42-11e7-b80a-1c1b0d767b8b","83820430-db42-11e7-b80a-1c1b0d767b8b","79d2c4b0-db42-11e7-b80a-1c1b0d767b8b"]},{"creation_time":1513856149255,"user_id":"080495c0-4cd6-11e7-a0c2-7071bc63b33d","name":"Tasker","modified_by":"080495c0-4cd6-11e7-a0c2-7071bc63b33d","flow_ids":["22ba6380-e642-11e7-9f3a-1c1b0d767b46","bd616970-e641-11e7-9f3a-1c1b0d767b46"],"segment_id":"17abc5a0-e643-11e7-9f3a-1c1b0d767b46","conditions":[{"type":"path","operator":"~","op1":"gallery"}],"modification_time":1513856149255,"enabled":true,"order":["22ba6380-e642-11e7-9f3a-1c1b0d767b46","bd616970-e641-11e7-9f3a-1c1b0d767b46"]}],"help_wid_color":"#00BCD4","locale_support":true,"tip_next_key":"78","help_icon_position":"rtm","sh_segments":[{"creation_time":1492750640802,"tag_ids":[],"user_id":"-","name":"Default Segment","modified_by":"-","flow_ids":[],"segment_id":"00565820-264f-11e7-a947-7071bc63b33d","conditions":[],"modification_time":1492750640802,"enabled":false,"order":[]},{"creation_time":1513856105569,"user_id":"080495c0-4cd6-11e7-a0c2-7071bc63b33d","search_filter":{"type":"all_flows","value":""},"name":"SelfHelp ","modified_by":"080495c0-4cd6-11e7-a0c2-7071bc63b33d","flow_ids":["d5548bc0-e641-11e7-9f3a-1c1b0d767b46","bd616970-e641-11e7-9f3a-1c1b0d767b46","adb56b20-e641-11e7-9f3a-1c1b0d767b46"],"segment_id":"fda18320-e642-11e7-9f3a-1c1b0d767b46","conditions":[{"type":"path","operator":"~","op1":"gallery"}],"modification_time":1513856105569,"enabled":true,"order":["d5548bc0-e641-11e7-9f3a-1c1b0d767b46","bd616970-e641-11e7-9f3a-1c1b0d767b46","adb56b20-e641-11e7-9f3a-1c1b0d767b46"]},{"creation_time":1513856345526,"user_id":"87093de0-acd9-11e7-bec6-7071bc63b33d","search_filter":{"type":"all_flows","value":""},"name":"self help test cdn","modified_by":"87093de0-acd9-11e7-bec6-7071bc63b33d","flow_ids":["3dec8ec0-e643-11e7-a0e9-1c1b0d767b8b"],"segment_id":"8ca7e460-e643-11e7-a0e9-1c1b0d767b8b","conditions":[],"modification_time":1513856345526,"enabled":false,"order":["3dec8ec0-e643-11e7-a0e9-1c1b0d767b8b"]}],"allow_emails":["whatfix.com","gmail.com"],"st_segments":[{"creation_time":1511430400306,"user_id":"303c8010-606a-11e6-b467-7071bc63b33d","flow_id":"04359760-d033-11e7-a806-1c1b0d767b8b","name":"wiki icon","modified_by":"303c8010-606a-11e6-b467-7071bc63b33d","segment_id":"34a0ea80-d033-11e7-a806-1c1b0d767b8b","conditions":[{"type":"path","operator":"~","op1":"wiki/Main_Page"}],"modification_time":1511430400306,"enabled":true}]},"step_4_finder_ver":3,"step_2_top":216,"step_1_width":872,"step_4_description":"History of todays date in past years","step_3_image_height":635,"user_id":"303c8010-606a-11e6-b467-7071bc63b33d","step_2_placement":"t","step_1_image2_placement":"t","step_2_optional":false,"step_5_image_height":635,"step_4_image1_crop_left":1159,"step_1_image1_top":216,"user_id_user_name_md5":"2571c5aa4304ca9c315dd171f3a63cf8","step_5_image2_top":85,"step_3_image1_left":-136,"step_1_placement":"t","step_4_url":"https://en.wikipedia.org/wiki/Main_Page","step_5_selector":"","step_3_left":210,"step_2_image1_top":216,"step_1_optional":false,"step_3_image_creation_time":1491386300007,"step_3_note":"","src_flow_id":"8a06e690-19e6-11e7-bc94-7071bc63b33d","author_name":"-","step_1_height":30,"step_3_width":872,"step_5_image1_crop_left":712,"step_2_image2_left":-155,"flow_id":"79d2c4b0-db42-11e7-b80a-1c1b0d767b8b","user_id_name":"-","step_5_finder_ver":3,"step_1_image1_left":-136,"step_1_zoom":1.0,"step_4_height":30,"step_5_note":"","step_5_left":210,"step_2_parent_marks":[],"votes":0,"step_3_image2_placement":"b","step_5_tag":"h2","step_2_finder_ver":3,"run_direct":true,"views":0,"step_4_description_md":"History of todays date in past years","step_5_parent_marks":[],"step_1_parent_marks":[],"step_2_url":"https://en.wikipedia.org/wiki/Main_Page","step_4_image2_crop_left":1259,"step_5_optional":false,"step_5_conditions":[],"step_2_image1_crop_top":0,"step_4_note_md":"","step_5_image1_crop_top":15,"author":"303c8010-606a-11e6-b467-7071bc63b33d","step_4_image1_placement":"b","step_2_image_creation_time":1491386258741,"step_1_conditions":[],"step_3_zoom":1.0,"author_user_name_md5":"2571c5aa4304ca9c315dd171f3a63cf8","yt_id":"PqExojoRlWY","ent_id":"ff202210-264e-11e7-a947-7071bc63b33d","step_1_description_md":"Featured article","step_1_tag":"h2","step_5_top":100,"step_2_image1_left":-55,"author_reputation":11,"step_3_image1_crop_left":346,"step_1_marks":[{"attribute":"tag","value":"h2"},{"attribute":"path","value":"body-5/div-9/div-7/div-2/table-1/tbody-0/tr-1/td-1/table-1/tbody-0/tr-1/td-1/"},{"attribute":"depth","value":"14"},{"attribute":"id","value":"mp-tfa-h2"},{"attribute":"text","value":"From today\u0027s featured article"},{"attribute":"parent-tag","value":"td"},{"attribute":"child-count","value":"1"},{"attribute":"child-first-id","value":"From_today.27s_featured_article"},{"attribute":"child-first-class","value":"mw-headline"},{"attribute":"child-first-text","value":"From today\u0027s featured article"},{"attribute":"child-first-fontWeight","value":"bold"},{"attribute":"fontWeight","value":"bold"},{"attribute":"width","value":"872"},{"attribute":"height","value":"30"}],"type":"flow","step_2_image1_placement":"t","step_3_description_md":"Interesting facts","step_2_description":"News","step_3_image2_top":85,"step_1_finder_ver":3,"step_1_selector":"","yt_on":1512725949474,"step_3_image2_left":-236,"step_4_image1_crop_top":67,"step_4_selector":"","step_5_marks":[{"attribute":"tag","value":"h2"},{"attribute":"path","value":"body-5/div-9/div-7/div-4/table-1/tbody-0/tr-1/td-1/table-1/tbody-0/tr-1/td-1/"},{"attribute":"depth","value":"14"},{"attribute":"id","value":"mp-tfp-h2"},{"attribute":"text","value":"Today\u0027s featured picture"},{"attribute":"parent-tag","value":"td"},{"attribute":"child-count","value":"1"},{"attribute":"child-first-id","value":"Today.27s_featured_picture"},{"attribute":"child-first-class","value":"mw-headline"},{"attribute":"child-first-text","value":"Today\u0027s featured picture"},{"attribute":"child-first-fontWeight","value":"bold"},{"attribute":"fontWeight","value":"bold"},{"attribute":"width","value":"1605"},{"attribute":"height","value":"30"}],"step_2_marks":[{"attribute":"tag","value":"h2"},{"attribute":"path","value":"body-5/div-9/div-7/div-2/table-1/tbody-0/tr-5/td-1/table-1/tbody-0/tr-1/td-1/"},{"attribute":"depth","value":"14"},{"attribute":"id","value":"mp-itn-h2"},{"attribute":"text","value":"In the news"},{"attribute":"parent-tag","value":"td"},{"attribute":"child-count","value":"1"},{"attribute":"child-first-id","value":"In_the_news"},{"attribute":"child-first-class","value":"mw-headline"},{"attribute":"child-first-text","value":"In the news"},{"attribute":"child-first-fontWeight","value":"bold"},{"attribute":"fontWeight","value":"bold"},{"attribute":"width","value":"711"},{"attribute":"height","value":"30"}],"step_2_description_md":"News","step_5_image1_left":-502,"step_3_marks":[{"attribute":"tag","value":"h2"},{"attribute":"path","value":"body-5/div-9/div-7/div-2/table-1/tbody-0/tr-1/td-1/table-1/tbody-4/tr-1/td-1/"},{"attribute":"depth","value":"14"},{"attribute":"id","value":"mp-dyk-h2"},{"attribute":"text","value":"Did you know..."},{"attribute":"parent-tag","value":"td"},{"attribute":"child-count","value":"1"},{"attribute":"child-first-id","value":"Did_you_know..."},{"attribute":"child-first-class","value":"mw-headline"},{"attribute":"child-first-text","value":"Did you know..."},{"attribute":"child-first-fontWeight","value":"bold"},{"attribute":"fontWeight","value":"bold"},{"attribute":"width","value":"872"},{"attribute":"height","value":"30"}],"step_2_image2_crop_left":1259,"step_1_image_creation_time":1491386216651,"step_3_tag":"h2","step_4_marks":[{"attribute":"tag","value":"h2"},{"attribute":"path","value":"body-5/div-9/div-7/div-2/table-1/tbody-0/tr-5/td-1/table-1/tbody-4/tr-1/td-1/"},{"attribute":"depth","value":"14"},{"attribute":"id","value":"mp-otd-h2"},{"attribute":"text","value":"On this day..."},{"attribute":"parent-tag","value":"td"},{"attribute":"child-count","value":"1"},{"attribute":"child-first-id","value":"On_this_day..."},{"attribute":"child-first-class","value":"mw-headline"},{"attribute":"child-first-text","value":"On this day..."},{"attribute":"child-first-fontWeight","value":"bold"},{"attribute":"fontWeight","value":"bold"},{"attribute":"width","value":"711"},{"attribute":"height","value":"30"}]}