{"step_2_image_width":1863,"step_4_image_width":1863,"step_1_image2_top":92,"step_1_top":147,"step_2_image_height":941,"step_2_width":179,"locale":"es","step_3_selector":"","step_4_zoom":1.0,"step_2_note":"","published_at":1512646454724,"step_4_conditions":[],"step_4_image_height":941,"step_4_image_creation_time":1491386593205,"step_1_description":"Click on \u0027Technology\u0027","step_4_image1_top":-162,"step_1_image1_crop_left":1212,"step_3_height":362,"step_2_left":911,"step_3_top":171,"step_1_action":1,"step_4_image2_placement":"b","step_4_image2_crop_top":333,"step_2_image2_top":266,"step_4_placement":"b","footnote":"%%%https://www.youtube.com/embed/r6hxqg3PgRQ%%%\nText [+Name of the next flow+](wfx:f167c7b0-2430-11e7-9c81-7071bc63b33d)","step_4_image1_left":-92,"step_3_description":"Selected Article","step_1_image1_crop_top":55,"step_4_parent_marks":[],"step_2_note_md":"","step_4_optional":false,"step_4_action":0,"user_id_reputation":11,"authored_at":1512646454724,"step_4_width":784,"tags":[],"step_2_image1_crop_left":701,"step_4_tag":"div","step_3_placement":"b","step_3_optional":false,"step_1_url":"https://en.wikipedia.org/wiki/Main_Page","step_1_image2_crop_left":1312,"title":"Wikipedia technology(wikiwiki) flow","step_2_conditions":[],"step_4_note":"","step_2_zoom":1.0,"ups":0,"step_2_action":0,"step_4_image2_left":-192,"step_1_image2_left":322,"url":"https://en.wikipedia.org/wiki/Main_Page","step_2_selector":"","step_1_image1_placement":"br","step_3_url":"https://en.wikipedia.org/wiki/Portal:Technology","host":"en.wikipedia.org","step_3_finder_ver":3,"downs":0,"steps":4,"step_3_image2_crop_top":333,"step_1_image2_crop_top":55,"description_md":"\u003cp\u003e\u003ciframe src\u003d\"https://www.youtube.com/embed/r6hxqg3PgRQ\"\u003e\u003c/iframe\u003e\u003c/p\u003e","step_4_top":171,"step_2_height":19,"step_3_image1_placement":"b","step_4_left":1029,"step_2_image2_placement":"t","step_2_tag":"big","step_2_image2_crop_top":0,"runs":1,"step_3_conditions":[],"step_3_image1_top":-162,"step_1_image_height":941,"step_3_parent_marks":[],"step_1_image_width":1863,"step_3_image_width":1863,"step_3_image1_crop_top":333,"step_1_left":1634,"step_3_action":0,"step_3_image2_crop_left":412,"failures":0,"picture_modified_time":0,"step_3_note_md":"","step_4_image2_top":-162,"ent":{"export":true,"non_api_mode":true,"help_wid_header_show":"show","sp_segments":[{"creation_time":1493905661907,"description_md":"\u003cp\u003esmart popup description default\u003c/p\u003e","user_id":"303c8010-606a-11e6-b467-7071bc63b33d","conditions":[],"enabled":true,"times_to_show":2,"modified_by":"303c8010-606a-11e6-b467-7071bc63b33d","modification_time":1493906141192,"segment_id":"3e906230-30d0-11e7-9924-7071bc63b33d","name":"smart popup","description":"smart popup description default","title":"smart popup title default"}],"help_key":"87","help_wid_mode":"live_here","end_feedback_show":"hide","properties":{"next":"next","installContentHeader":"Whatfix extension for","ignoreExtension":"not now","editorClickOn":"Click on ","taskListMultiplePending":"tasks pending ","endFeedbackQuestionLabel":"Was this flow helpful?","stepOfN":"{0} (step {1} of {2})","widgetLauncherLabel":"Self Help","installContent":"By installing Whatfix\u0027s browser extension, you\u0027ll be able to create interactive walkthroughs(flows) on any website. Additionally, you\u0027ll be able to get live instructions by clicking See Live on Whatfix flows.","skip":"SKIP","installPageTitle":"Install whatfix extension","widgetCloseTitle":"close","editorEnter":"Enter ","installUnsupportedBrowserContent":"Whatfix extension is available for chrome and firefox browsers only.","endDefaultMessage":"That\u0027s it!","seeLiveTitle":"\u0027see live\u0027 help directly inside website","endSubjectiveFeedbackLabel":"Let us know why","editorSelect":"Select ","endFeedbackNo":"NO","nothingFound":"Sorry, no results found","ok":"OK","close":"CLOSE","guide":"GUIDE ME","tipCloseTitle":"close","extensionRequiredNotice":"Whatfix browser extension is required to use this feature","seeLive":"see live","maxCharacterLimit":"max {0} characters","widgetSearchClearTitle":"clear","installButtonUnsupportedBrowserLabel":"Chrome Extension","unsupportedBrowserNotice":"To use this feature, use the Google Chrome or Mozilla Firefox browser","loading":"loading...","widgetTitle":"Self Help","endSubjectiveFeedbackPlaceholder":"Give your comment here","endFeedbackYes":"YES","endSendFeedback":"SUBMIT","editorClickHere":"Click here","taskListSinglePending":"task pending ","taskerCloseTitle":"close","taskListLabel":"Task List ","installExtension":"install","installButtonLabel":"INSTALL","searchMore":"Enter your search criteria here","widgetSearchTitle":"search","startDontShowAgain":"Don\u0027t Show me Again","editorEnterValue":"Enter "},"open":false,"locales":["fr","es"],"yt_url":"https://www.youtube.com/channel/UC0iYYPk4QBX98wHg17_jZXA","noindex_tag":"0052aea0-264f-11e7-a947-7071bc63b33d","be_segments":[],"addons":{"video":"yt"},"tip_close_key":"81","yt_title":"Shyam VS","gp_segments":[{"creation_time":1511413970471,"description_md":"\u003cp\u003eDescription\u003c/p\u003e","user_id":"303c8010-606a-11e6-b467-7071bc63b33d","conditions":[],"enabled":true,"times_to_show":3,"modified_by":"303c8010-606a-11e6-b467-7071bc63b33d","modification_time":1511413970471,"flow_id":"28cdbf00-30d1-11e7-9924-7071bc63b33d","segment_id":"f3a45e70-d00c-11e7-8ad3-7071bc63b33d","name":"Test popup","description":"Description","title":"Demo Guided popup"}],"ent_id":"ff202210-264e-11e7-a947-7071bc63b33d","has_yt_token":true,"extension_tag":"00539900-264f-11e7-a947-7071bc63b33d","pdf":true,"yt_privacy":"public","help_icon_text_color":"#FFFFFF","nolive_tag":"0051c440-264f-11e7-a947-7071bc63b33d","cdn_enabled":true,"help_icon_bg_color":"#00BCD4","locale_es_properties":{"next":"next","installContentHeader":"Whatfix extension for","ignoreExtension":"not now","editorClickOn":"Click on ","taskListMultiplePending":"tasks pending ","endFeedbackQuestionLabel":"Was this flow helpful?","stepOfN":"{0} (step {1} of {2})","widgetLauncherLabel":"Self Help","installContent":"By installing Whatfix\u0027s browser extension, you\u0027ll be able to create interactive walkthroughs(flows) on any website. Additionally, you\u0027ll be able to get live instructions by clicking See Live on Whatfix flows.","skip":"SKIP","installPageTitle":"Install whatfix extension","widgetCloseTitle":"close","editorEnter":"Enter ","installUnsupportedBrowserContent":"Whatfix extension is available for chrome and firefox browsers only.","endDefaultMessage":"That\u0027s it!","seeLiveTitle":"\u0027see live\u0027 help directly inside website","endSubjectiveFeedbackLabel":"Let us know why","editorSelect":"Select ","endFeedbackNo":"NO","nothingFound":"Sorry, no results found","ok":"OK","close":"CLOSE","guide":"GUIDE ME","tipCloseTitle":"close","extensionRequiredNotice":"Whatfix browser extension is required to use this feature","seeLive":"see live","maxCharacterLimit":"max {0} characters","widgetSearchClearTitle":"clear","installButtonUnsupportedBrowserLabel":"Chrome Extension","unsupportedBrowserNotice":"To use this feature, use the Google Chrome or Mozilla Firefox browser","loading":"loading...","widgetTitle":"Self Help","endSubjectiveFeedbackPlaceholder":"Give your comment here","endFeedbackYes":"YES","endSendFeedback":"SUBMIT","editorClickHere":"Click here","taskListSinglePending":"task pending ","taskerCloseTitle":"close","taskListLabel":"Task List ","installExtension":"install","installButtonLabel":"INSTALL","searchMore":"Enter your search criteria here","widgetSearchTitle":"search","startDontShowAgain":"Don\u0027t Show me Again","editorEnterValue":"Enter "},"spotlight_tag":"00545c50-264f-11e7-a947-7071bc63b33d","name":"shyam-test2","help_wid_header_text_color":"#FFFFFF","tl_segments":[{"creation_time":1512646576394,"user_id":"303c8010-606a-11e6-b467-7071bc63b33d","name":"wiki","modified_by":"303c8010-606a-11e6-b467-7071bc63b33d","flow_ids":["8d8d4660-db42-11e7-b80a-1c1b0d767b8b","83820430-db42-11e7-b80a-1c1b0d767b8b","79d2c4b0-db42-11e7-b80a-1c1b0d767b8b"],"segment_id":"d6105ad0-db42-11e7-b80a-1c1b0d767b8b","conditions":[{"type":"hostname","operator":"~","op1":"wiki"}],"modification_time":1512646576394,"enabled":true,"order":["8d8d4660-db42-11e7-b80a-1c1b0d767b8b","83820430-db42-11e7-b80a-1c1b0d767b8b","79d2c4b0-db42-11e7-b80a-1c1b0d767b8b"]},{"creation_time":1513856149255,"user_id":"080495c0-4cd6-11e7-a0c2-7071bc63b33d","name":"Tasker","modified_by":"080495c0-4cd6-11e7-a0c2-7071bc63b33d","flow_ids":["22ba6380-e642-11e7-9f3a-1c1b0d767b46","bd616970-e641-11e7-9f3a-1c1b0d767b46"],"segment_id":"17abc5a0-e643-11e7-9f3a-1c1b0d767b46","conditions":[{"type":"path","operator":"~","op1":"gallery"}],"modification_time":1513856149255,"enabled":true,"order":["22ba6380-e642-11e7-9f3a-1c1b0d767b46","bd616970-e641-11e7-9f3a-1c1b0d767b46"]}],"help_wid_color":"#00BCD4","locale_support":true,"tip_next_key":"78","help_icon_position":"rtm","sh_segments":[{"creation_time":1492750640802,"tag_ids":[],"user_id":"-","name":"Default Segment","modified_by":"-","flow_ids":[],"segment_id":"00565820-264f-11e7-a947-7071bc63b33d","conditions":[],"modification_time":1492750640802,"enabled":false,"order":[]},{"creation_time":1513856105569,"user_id":"080495c0-4cd6-11e7-a0c2-7071bc63b33d","search_filter":{"type":"all_flows","value":""},"name":"SelfHelp ","modified_by":"080495c0-4cd6-11e7-a0c2-7071bc63b33d","flow_ids":["d5548bc0-e641-11e7-9f3a-1c1b0d767b46","bd616970-e641-11e7-9f3a-1c1b0d767b46","adb56b20-e641-11e7-9f3a-1c1b0d767b46"],"segment_id":"fda18320-e642-11e7-9f3a-1c1b0d767b46","conditions":[{"type":"path","operator":"~","op1":"gallery"}],"modification_time":1513856105569,"enabled":true,"order":["d5548bc0-e641-11e7-9f3a-1c1b0d767b46","bd616970-e641-11e7-9f3a-1c1b0d767b46","adb56b20-e641-11e7-9f3a-1c1b0d767b46"]},{"creation_time":1513856345526,"user_id":"87093de0-acd9-11e7-bec6-7071bc63b33d","search_filter":{"type":"all_flows","value":""},"name":"self help test cdn","modified_by":"87093de0-acd9-11e7-bec6-7071bc63b33d","flow_ids":["3dec8ec0-e643-11e7-a0e9-1c1b0d767b8b"],"segment_id":"8ca7e460-e643-11e7-a0e9-1c1b0d767b8b","conditions":[],"modification_time":1513856345526,"enabled":false,"order":["3dec8ec0-e643-11e7-a0e9-1c1b0d767b8b"]}],"allow_emails":["whatfix.com","gmail.com"],"st_segments":[{"creation_time":1511430400306,"user_id":"303c8010-606a-11e6-b467-7071bc63b33d","flow_id":"04359760-d033-11e7-a806-1c1b0d767b8b","name":"wiki icon","modified_by":"303c8010-606a-11e6-b467-7071bc63b33d","segment_id":"34a0ea80-d033-11e7-a806-1c1b0d767b8b","conditions":[{"type":"path","operator":"~","op1":"wiki/Main_Page"}],"modification_time":1511430400306,"enabled":true}]},"step_4_finder_ver":3,"step_2_top":266,"step_1_width":68,"step_4_description":"Featured biography","step_3_image_height":941,"user_id":"303c8010-606a-11e6-b467-7071bc63b33d","footnote_md":"\u003cp\u003e\u003ciframe src\u003d\"https://www.youtube.com/embed/r6hxqg3PgRQ\"\u003e\u003c/iframe\u003e\u003cbr/\u003eText \u003ca href\u003d\"wfx:f167c7b0-2430-11e7-9c81-7071bc63b33d\" target\u003d\"_blank\" rel\u003d\"nofollow noreferrer\" wfx\u003d\"styled\"\u003eName of the next flow\u003c/a\u003e\u003c/p\u003e","step_2_placement":"t","step_1_image2_placement":"br","step_2_optional":false,"step_4_image1_crop_left":1121,"step_1_image1_top":92,"user_id_user_name_md5":"2571c5aa4304ca9c315dd171f3a63cf8","step_3_image1_left":-100,"step_1_placement":"br","step_4_url":"https://en.wikipedia.org/wiki/Portal:Technology","step_3_left":212,"step_2_image1_top":266,"step_1_optional":false,"step_3_image_creation_time":1491386566969,"step_3_note":"","src_flow_id":"1f7cc5a0-19e7-11e7-bc94-7071bc63b33d","author_name":"-","description":"%%%https://www.youtube.com/embed/r6hxqg3PgRQ%%%","step_1_height":15,"step_3_width":801,"step_2_image2_left":110,"flow_id":"8d8d4660-db42-11e7-b80a-1c1b0d767b8b","user_id_name":"-","step_1_image1_left":422,"step_1_zoom":1.0,"step_4_height":362,"step_2_parent_marks":[],"votes":0,"step_3_image2_placement":"b","step_2_finder_ver":3,"run_direct":true,"views":0,"step_4_description_md":"Featured biography","step_1_parent_marks":[],"step_2_url":"https://en.wikipedia.org/wiki/Portal:Technology","step_4_image2_crop_left":1221,"step_2_image1_crop_top":0,"step_4_note_md":"","author":"303c8010-606a-11e6-b467-7071bc63b33d","step_4_image1_placement":"b","step_2_image_creation_time":1491386540682,"step_3_zoom":1.0,"author_user_name_md5":"2571c5aa4304ca9c315dd171f3a63cf8","yt_id":"MY7p3fwXcNI","ent_id":"ff202210-264e-11e7-a947-7071bc63b33d","step_1_description_md":"Click on \u0027Technology\u0027","step_1_tag":"a","step_2_image1_left":210,"author_reputation":11,"step_3_image1_crop_left":312,"step_1_marks":[{"attribute":"tag","value":"a"},{"attribute":"path","value":"body-5/div-9/div-7/div-0/table-1/tbody-0/tr-7/td-1/ul-3/li-0/"},{"attribute":"depth","value":"12"},{"attribute":"href","value":"/wiki/Portal:Technology"},{"attribute":"title","value":"Portal:Technology"},{"attribute":"text","value":"Technology"},{"attribute":"parent-tag","value":"li"},{"attribute":"textDecoration","value":"underline"},{"attribute":"width","value":"68"},{"attribute":"height","value":"15"}],"type":"flow","step_2_image1_placement":"t","step_3_description_md":"Selected Article","step_2_description":"Technology portal","step_3_image2_top":-162,"step_1_finder_ver":3,"yt_on":1512727788408,"step_3_image2_left":-200,"step_4_image1_crop_top":333,"step_4_selector":"","step_2_marks":[{"attribute":"tag","value":"big"},{"attribute":"path","value":"body-5/div-9/div-7/div-4/table-1/tbody-0/tr-1/td-1/div-3/h2-0/span-0/"},{"attribute":"depth","value":"13"},{"attribute":"text","value":"The Technology Portal"},{"attribute":"parent-tag","value":"span"},{"attribute":"parent-id","value":"The_Technology_Portal"},{"attribute":"parent-class","value":"mw-headline"},{"attribute":"parent-fontWeight","value":"bold"},{"attribute":"fontWeight","value":"bold"},{"attribute":"width","value":"179"},{"attribute":"height","value":"19"}],"step_2_description_md":"Technology portal","step_3_marks":[{"attribute":"tag","value":"div"},{"attribute":"path","value":"body-5/div-9/div-7/div-4/table-1/tbody-0/tr-1/td-7/div-3/"},{"attribute":"depth","value":"11"},{"attribute":"text","value":"Injection molding (British English: moulding) is a manufacturing process for producing parts by i..."},{"attribute":"parent-tag","value":"div"},{"attribute":"parent-class","value":"portal-column-left"},{"attribute":"child-count","value":"41"},{"attribute":"width","value":"801"},{"attribute":"height","value":"362"}],"step_2_image2_crop_left":801,"step_1_image_creation_time":1491386503994,"step_3_tag":"div","step_4_marks":[{"attribute":"tag","value":"div"},{"attribute":"path","value":"body-5/div-9/div-7/div-4/table-1/tbody-0/tr-1/td-9/div-3/"},{"attribute":"depth","value":"11"},{"attribute":"text","value":"George Koval (1913–2006) was a Soviet intelligence officer. According to Russian sources, Koval\u0027s..."},{"attribute":"parent-tag","value":"div"},{"attribute":"parent-class","value":"portal-column-right"},{"attribute":"child-count","value":"31"},{"attribute":"width","value":"784"},{"attribute":"height","value":"362"}]}