{"step_2_image_width":1855,"step_1_image2_top":200,"step_1_top":527,"step_2_image_height":965,"step_2_width":222,"locale":"fr","published_at":1513855568260,"step_1_description":"Click here","step_1_image1_crop_left":746,"step_2_left":1187,"step_1_action":1,"step_2_image2_top":200,"step_1_image1_crop_top":327,"user_id_reputation":1,"authored_at":1513855568260,"tags":[],"step_2_image1_crop_left":998,"step_1_url":"http://localhost:4082/pages/gallery.html","step_1_image2_crop_left":846,"title":"Selfhelp + tasklist","step_2_zoom":1.0,"ups":0,"step_2_action":1,"step_1_image2_left":89,"url":"http://localhost:4082/pages/gallery.html","step_1_image1_placement":"t","host":"localhost","downs":0,"steps":2,"step_1_image2_crop_top":327,"step_2_height":222,"step_2_image2_placement":"t","step_2_tag":"img","step_2_image2_crop_top":327,"runs":0,"step_1_image_height":965,"step_1_image_width":1855,"step_1_page_tags":[],"step_1_left":935,"failures":0,"picture_modified_time":0,"ent":{"export":true,"non_api_mode":true,"help_wid_header_show":"show","sp_segments":[{"creation_time":1493905661907,"description_md":"\u003cp\u003esmart popup description default\u003c/p\u003e","user_id":"303c8010-606a-11e6-b467-7071bc63b33d","conditions":[],"enabled":true,"description_locale_fr":"smart popup description default_fr","times_to_show":2,"modified_by":"303c8010-606a-11e6-b467-7071bc63b33d","modification_time":1493906141192,"segment_id":"3e906230-30d0-11e7-9924-7071bc63b33d","name":"smart popup","description":"smart popup description default","title_locale_fr":"smart popup title default_fr","title":"smart popup title default","description_md_locale_fr":"\u003cp\u003esmart popup description default_fr\u003c/p\u003e"}],"help_key":"87","help_wid_mode":"live_here","end_feedback_show":"hide","properties":{"next":"next","installContentHeader":"Whatfix extension for","ignoreExtension":"not now","editorClickOn":"Click on ","taskListMultiplePending":"tasks pending ","endFeedbackQuestionLabel":"Was this flow helpful?","stepOfN":"{0} (step {1} of {2})","widgetLauncherLabel":"Self Help","installContent":"By installing Whatfix\u0027s browser extension, you\u0027ll be able to create interactive walkthroughs(flows) on any website. Additionally, you\u0027ll be able to get live instructions by clicking See Live on Whatfix flows.","skip":"SKIP","installPageTitle":"Install whatfix extension","widgetCloseTitle":"close","editorEnter":"Enter ","installUnsupportedBrowserContent":"Whatfix extension is available for chrome and firefox browsers only.","endDefaultMessage":"That\u0027s it!","seeLiveTitle":"\u0027see live\u0027 help directly inside website","endSubjectiveFeedbackLabel":"Let us know why","editorSelect":"Select ","endFeedbackNo":"NO","nothingFound":"Sorry, no results found","ok":"OK","close":"CLOSE","guide":"GUIDE ME","tipCloseTitle":"close","extensionRequiredNotice":"Whatfix browser extension is required to use this feature","seeLive":"see live","maxCharacterLimit":"max {0} characters","widgetSearchClearTitle":"clear","installButtonUnsupportedBrowserLabel":"Chrome Extension","unsupportedBrowserNotice":"To use this feature, use the Google Chrome or Mozilla Firefox browser","loading":"loading...","widgetTitle":"Self Help","endSubjectiveFeedbackPlaceholder":"Give your comment here","endFeedbackYes":"YES","endSendFeedback":"SUBMIT","editorClickHere":"Click here","taskListSinglePending":"task pending ","taskerCloseTitle":"close","taskListLabel":"Task List ","installExtension":"install","installButtonLabel":"INSTALL","searchMore":"Enter your search criteria here","widgetSearchTitle":"search","startDontShowAgain":"Don\u0027t Show me Again","editorEnterValue":"Enter "},"open":false,"locales":["fr","es"],"yt_url":"https://www.youtube.com/channel/UC0iYYPk4QBX98wHg17_jZXA","noindex_tag":"0052aea0-264f-11e7-a947-7071bc63b33d","be_segments":[],"addons":{"video":"yt"},"tip_close_key":"81","yt_title":"Shyam VS","gp_segments":[{"creation_time":1511413970471,"description_md":"\u003cp\u003eDescription\u003c/p\u003e","user_id":"303c8010-606a-11e6-b467-7071bc63b33d","conditions":[],"enabled":true,"times_to_show":3,"modified_by":"303c8010-606a-11e6-b467-7071bc63b33d","modification_time":1511413970471,"flow_id":"28cdbf00-30d1-11e7-9924-7071bc63b33d","segment_id":"f3a45e70-d00c-11e7-8ad3-7071bc63b33d","name":"Test popup","description":"Description","title":"Demo Guided popup"}],"ent_id":"ff202210-264e-11e7-a947-7071bc63b33d","has_yt_token":true,"extension_tag":"00539900-264f-11e7-a947-7071bc63b33d","pdf":true,"yt_privacy":"public","help_icon_text_color":"#FFFFFF","nolive_tag":"0051c440-264f-11e7-a947-7071bc63b33d","cdn_enabled":true,"help_icon_bg_color":"#00BCD4","spotlight_tag":"00545c50-264f-11e7-a947-7071bc63b33d","name":"shyam-test2","help_wid_header_text_color":"#FFFFFF","tl_segments":[{"creation_time":1512646576394,"user_id":"303c8010-606a-11e6-b467-7071bc63b33d","name":"wiki","modified_by":"303c8010-606a-11e6-b467-7071bc63b33d","flow_ids":["8d8d4660-db42-11e7-b80a-1c1b0d767b8b","83820430-db42-11e7-b80a-1c1b0d767b8b","79d2c4b0-db42-11e7-b80a-1c1b0d767b8b"],"segment_id":"d6105ad0-db42-11e7-b80a-1c1b0d767b8b","conditions":[{"type":"hostname","operator":"~","op1":"wiki"}],"modification_time":1512646576394,"enabled":true,"order":["8d8d4660-db42-11e7-b80a-1c1b0d767b8b","83820430-db42-11e7-b80a-1c1b0d767b8b","79d2c4b0-db42-11e7-b80a-1c1b0d767b8b"]},{"creation_time":1513856149255,"user_id":"080495c0-4cd6-11e7-a0c2-7071bc63b33d","name":"Tasker","modified_by":"080495c0-4cd6-11e7-a0c2-7071bc63b33d","flow_ids":["22ba6380-e642-11e7-9f3a-1c1b0d767b46","bd616970-e641-11e7-9f3a-1c1b0d767b46"],"segment_id":"17abc5a0-e643-11e7-9f3a-1c1b0d767b46","conditions":[{"type":"path","operator":"~","op1":"gallery"}],"modification_time":1513856149255,"enabled":true,"order":["22ba6380-e642-11e7-9f3a-1c1b0d767b46","bd616970-e641-11e7-9f3a-1c1b0d767b46"]}],"help_wid_color":"#00BCD4","locale_fr_properties":{"next":"suivant","installContentHeader":"Whatfix extension for","ignoreExtension":"not now","editorClickOn":"Click on ","taskListMultiplePending":"tasks pending ","endFeedbackQuestionLabel":"Was this flow helpful?","stepOfN":"{0} (étape {1} sur {2})","widgetLauncherLabel":"Self Help","installContent":"By installing Whatfix\u0027s browser extension, you\u0027ll be able to create interactive walkthroughs(flows) on any website. Additionally, you\u0027ll be able to get live instructions by clicking See Live on Whatfix flows.","skip":"SKIP","installPageTitle":"Install whatfix extension","widgetCloseTitle":"close","editorEnter":"Enter ","installUnsupportedBrowserContent":"Whatfix extension is available for chrome and firefox browsers only.","endDefaultMessage":"That\u0027s it!","seeLiveTitle":"\u0027see live\u0027 help directly inside website","endSubjectiveFeedbackLabel":"Let us know why","editorSelect":"Select ","endFeedbackNo":"NO","nothingFound":"Sorry, no results found","ok":"OK","close":"fermé","guide":"GUIDE ME","tipCloseTitle":"close","extensionRequiredNotice":"Whatfix browser extension is required to use this feature","seeLive":"see live","maxCharacterLimit":"max {0} characters","widgetSearchClearTitle":"clear","installButtonUnsupportedBrowserLabel":"Chrome Extension","unsupportedBrowserNotice":"To use this feature, use the Google Chrome or Mozilla Firefox browser","loading":"en chargement...","widgetTitle":"Self Help","endSubjectiveFeedbackPlaceholder":"Give your comment here","endFeedbackYes":"YES","endSendFeedback":"SUBMIT","editorClickHere":"Click here","taskListSinglePending":"task pending ","taskerCloseTitle":"close","taskListLabel":"Task List ","installExtension":"install","installButtonLabel":"INSTALL","searchMore":"rechercher","widgetSearchTitle":"search","startDontShowAgain":"Don\u0027t Show me Again","editorEnterValue":"Enter "},"locale_support":true,"tip_next_key":"78","help_icon_position":"rtm","sh_segments":[{"creation_time":1492750640802,"tag_ids":[],"user_id":"-","name":"Default Segment","modified_by":"-","flow_ids":[],"segment_id":"00565820-264f-11e7-a947-7071bc63b33d","conditions":[],"modification_time":1492750640802,"enabled":false,"order":[]},{"creation_time":1513856105569,"user_id":"080495c0-4cd6-11e7-a0c2-7071bc63b33d","search_filter":{"type":"all_flows","value":""},"name":"SelfHelp ","modified_by":"080495c0-4cd6-11e7-a0c2-7071bc63b33d","flow_ids":["d5548bc0-e641-11e7-9f3a-1c1b0d767b46","bd616970-e641-11e7-9f3a-1c1b0d767b46","adb56b20-e641-11e7-9f3a-1c1b0d767b46"],"segment_id":"fda18320-e642-11e7-9f3a-1c1b0d767b46","conditions":[{"type":"path","operator":"~","op1":"gallery"}],"modification_time":1513856105569,"enabled":true,"order":["d5548bc0-e641-11e7-9f3a-1c1b0d767b46","bd616970-e641-11e7-9f3a-1c1b0d767b46","adb56b20-e641-11e7-9f3a-1c1b0d767b46"]},{"creation_time":1513856345526,"user_id":"87093de0-acd9-11e7-bec6-7071bc63b33d","search_filter":{"type":"all_flows","value":""},"name":"self help test cdn","modified_by":"87093de0-acd9-11e7-bec6-7071bc63b33d","flow_ids":["3dec8ec0-e643-11e7-a0e9-1c1b0d767b8b"],"segment_id":"8ca7e460-e643-11e7-a0e9-1c1b0d767b8b","conditions":[],"modification_time":1513856345526,"enabled":false,"order":["3dec8ec0-e643-11e7-a0e9-1c1b0d767b8b"]}],"allow_emails":["whatfix.com","gmail.com"],"st_segments":[{"creation_time":1511430400306,"user_id":"303c8010-606a-11e6-b467-7071bc63b33d","flow_id":"04359760-d033-11e7-a806-1c1b0d767b8b","name":"wiki icon","modified_by":"303c8010-606a-11e6-b467-7071bc63b33d","segment_id":"34a0ea80-d033-11e7-a806-1c1b0d767b8b","conditions":[{"type":"path","operator":"~","op1":"wiki/Main_Page"}],"modification_time":1511430400306,"enabled":true}]},"step_2_top":527,"step_1_width":222,"user_id":"080495c0-4cd6-11e7-a0c2-7071bc63b33d","step_2_placement":"t","step_1_image2_placement":"t","step_2_optional":false,"step_1_image1_top":200,"user_id_user_name_md5":"ef603c1b37fb61aa40c46c8802216d55","step_1_placement":"t","step_2_image1_top":200,"step_1_optional":false,"author_name":"-","step_1_height":222,"step_2_image2_left":89,"flow_id":"bd616970-e641-11e7-9f3a-1c1b0d767b46","user_id_name":"-","step_1_image1_left":189,"step_1_zoom":1.0,"step_2_parent_marks":[],"votes":0,"step_2_finder_ver":3,"run_direct":true,"views":0,"step_1_parent_marks":[],"step_2_url":"http://localhost:4082/pages/gallery.html","is_static":false,"step_2_image1_crop_top":327,"author":"080495c0-4cd6-11e7-a0c2-7071bc63b33d","step_2_image_creation_time":1513855554250,"step_2_page_tags":[],"author_user_name_md5":"ef603c1b37fb61aa40c46c8802216d55","yt_id":"gTiGSivlBuE","ent_id":"ff202210-264e-11e7-a947-7071bc63b33d","step_1_description_md":"Click here","step_1_tag":"img","step_2_image1_left":189,"author_reputation":1,"step_1_marks":[{"attribute":"tag","value":"img"},{"attribute":"path","value":"body-31/div-1/main-5/div-3/div-1/figure-3/ul-5/li-0/a-0/"},{"attribute":"depth","value":"11"},{"attribute":"src","value":"../images/demo/gallery/01.png"},{"attribute":"parent-tag","value":"a"},{"attribute":"parent-href","value":"#"},{"attribute":"parent-fontWeight","value":"400"},{"attribute":"parent-textDecoration","value":"none solid rgb(228, 63, 33)"},{"attribute":"fontWeight","value":"400"},{"attribute":"textDecoration","value":"none solid rgb(228, 63, 33)"},{"attribute":"width","value":"222"},{"attribute":"height","value":"222"}],"type":"flow","step_2_image1_placement":"t","step_2_description":"Click here","step_1_finder_ver":3,"yt_on":1513856010920,"step_2_marks":[{"attribute":"tag","value":"img"},{"attribute":"path","value":"body-31/div-1/main-5/div-3/div-1/figure-3/ul-7/li-0/a-0/"},{"attribute":"depth","value":"11"},{"attribute":"src","value":"../images/demo/gallery/01.png"},{"attribute":"parent-tag","value":"a"},{"attribute":"parent-href","value":"#"},{"attribute":"parent-fontWeight","value":"400"},{"attribute":"parent-textDecoration","value":"none solid rgb(228, 63, 33)"},{"attribute":"fontWeight","value":"400"},{"attribute":"textDecoration","value":"none solid rgb(228, 63, 33)"},{"attribute":"width","value":"222"},{"attribute":"height","value":"222"}],"step_2_description_md":"Click here","step_2_image2_crop_left":1098,"step_1_image_creation_time":1513855549704}