{"contents":[{"author_name":"v s shyam","failures":1,"author":"303c8010-606a-11e6-b467-7071bc63b33d","user_id_user_name_md5":"2571c5aa4304ca9c315dd171f3a63cf8","authored_at":1493906054891,"author_user_name_md5":"2571c5aa4304ca9c315dd171f3a63cf8","step_1_image_creation_time":1493906050461,"author_reputation":11,"user_id_name":"v s shyam","title":"test","type":"flow","steps":1,"url":"https://www.wikipedia.org/","run_direct":true,"ent_id":"ff202210-264e-11e7-a947-7071bc63b33d","picture_modified_time":1499837261507,"user_id_reputation":11,"user_id":"303c8010-606a-11e6-b467-7071bc63b33d","flow_id":"28cdbf00-30d1-11e7-9924-7071bc63b33d","host":"wikipedia.org","votes":0,"published_at":1493906054891,"runs":7,"views":2},{"author_name":"v s shyam","author_user_name_md5":"2571c5aa4304ca9c315dd171f3a63cf8","user_id_name":"v s shyam","title":"Wikipedia technology(wikiwiki) flow","type":"flow","run_direct":true,"picture_modified_time":1499837261507,"user_id_reputation":11,"flow_id":"8d8d4660-db42-11e7-b80a-1c1b0d767b8b","host":"en.wikipedia.org","published_at":1512646454724,"views":0,"failures":0,"author":"303c8010-606a-11e6-b467-7071bc63b33d","user_id_user_name_md5":"2571c5aa4304ca9c315dd171f3a63cf8","authored_at":1512646454724,"step_1_image_creation_time":1491386503994,"author_reputation":11,"steps":4,"url":"https://en.wikipedia.org/wiki/Main_Page","tags":[],"ent_id":"ff202210-264e-11e7-a947-7071bc63b33d","user_id":"303c8010-606a-11e6-b467-7071bc63b33d","votes":0,"runs":1},{"author_name":"finil mathew","author_user_name_md5":"ef603c1b37fb61aa40c46c8802216d55","user_id_name":"finil mathew","title":"selfhelp 2","type":"flow","run_direct":true,"picture_modified_time":0,"user_id_reputation":1,"is_static":false,"flow_id":"d5548bc0-e641-11e7-9f3a-1c1b0d767b46","host":"localhost","published_at":1513855608441,"views":0,"failures":0,"author":"080495c0-4cd6-11e7-a0c2-7071bc63b33d","user_id_user_name_md5":"ef603c1b37fb61aa40c46c8802216d55","authored_at":1513855608441,"step_1_image_creation_time":1513855577316,"author_reputation":1,"steps":2,"url":"http://localhost:4082/pages/gallery.html","tags":[],"ent_id":"ff202210-264e-11e7-a947-7071bc63b33d","user_id":"080495c0-4cd6-11e7-a0c2-7071bc63b33d","votes":0,"runs":0},{"author_name":"finil mathew","author_user_name_md5":"ef603c1b37fb61aa40c46c8802216d55","user_id_name":"finil mathew","title":"Selfhelp + tasklist","type":"flow","run_direct":true,"picture_modified_time":0,"user_id_reputation":1,"is_static":false,"flow_id":"bd616970-e641-11e7-9f3a-1c1b0d767b46","host":"localhost","published_at":1513855568260,"views":0,"failures":0,"author":"080495c0-4cd6-11e7-a0c2-7071bc63b33d","user_id_user_name_md5":"ef603c1b37fb61aa40c46c8802216d55","authored_at":1513855568260,"step_1_image_creation_time":1513855549704,"author_reputation":1,"steps":2,"url":"http://localhost:4082/pages/gallery.html","tags":[],"ent_id":"ff202210-264e-11e7-a947-7071bc63b33d","user_id":"080495c0-4cd6-11e7-a0c2-7071bc63b33d","votes":0,"runs":0},{"author_name":"finil mathew","author_user_name_md5":"ef603c1b37fb61aa40c46c8802216d55","user_id_name":"finil mathew","title":"Selfhelp 1","type":"flow","run_direct":true,"picture_modified_time":0,"user_id_reputation":1,"is_static":false,"flow_id":"adb56b20-e641-11e7-9f3a-1c1b0d767b46","host":"localhost","published_at":1513855541966,"views":0,"failures":0,"author":"080495c0-4cd6-11e7-a0c2-7071bc63b33d","user_id_user_name_md5":"ef603c1b37fb61aa40c46c8802216d55","authored_at":1513855541966,"step_1_image_creation_time":1513855523162,"author_reputation":1,"steps":2,"url":"http://localhost:4082/pages/gallery.html","tags":[],"ent_id":"ff202210-264e-11e7-a947-7071bc63b33d","user_id":"080495c0-4cd6-11e7-a0c2-7071bc63b33d","votes":0,"runs":0},{"author_name":"v s shyam","author_user_name_md5":"2571c5aa4304ca9c315dd171f3a63cf8","user_id_name":"v s shyam","title":"wikipedia ie9 testing","type":"flow","run_direct":true,"picture_modified_time":1499837261507,"user_id_reputation":11,"flow_id":"83820430-db42-11e7-b80a-1c1b0d767b8b","host":"en.wikipedia.org","published_at":1512646437874,"views":0,"failures":0,"author":"303c8010-606a-11e6-b467-7071bc63b33d","user_id_user_name_md5":"2571c5aa4304ca9c315dd171f3a63cf8","authored_at":1512646437874,"step_1_image_creation_time":1490691093212,"author_reputation":11,"steps":1,"url":"https://en.wikipedia.org/wiki/Main_Page","tags":[],"ent_id":"ff202210-264e-11e7-a947-7071bc63b33d","user_id":"303c8010-606a-11e6-b467-7071bc63b33d","votes":0,"runs":0},{"author_name":"v s shyam","author_user_name_md5":"2571c5aa4304ca9c315dd171f3a63cf8","user_id_name":"v s shyam","title":"Different sections of wikipedia home","type":"flow","run_direct":true,"picture_modified_time":1499837261507,"user_id_reputation":11,"flow_id":"79d2c4b0-db42-11e7-b80a-1c1b0d767b8b","host":"en.wikipedia.org","published_at":1512646421625,"views":0,"failures":0,"author":"303c8010-606a-11e6-b467-7071bc63b33d","user_id_user_name_md5":"2571c5aa4304ca9c315dd171f3a63cf8","authored_at":1512646421625,"step_1_image_creation_time":1491386216651,"author_reputation":11,"steps":5,"url":"https://en.wikipedia.org/wiki/Main_Page","tags":[],"ent_id":"ff202210-264e-11e7-a947-7071bc63b33d","user_id":"303c8010-606a-11e6-b467-7071bc63b33d","votes":0,"runs":0},{"author_name":"v s shyam","author_user_name_md5":"2571c5aa4304ca9c315dd171f3a63cf8","user_id_name":"v s shyam","title":"Wikipedia","type":"flow","run_direct":true,"picture_modified_time":1499837261507,"user_id_reputation":11,"is_static":true,"flow_id":"6cd878e0-db42-11e7-b80a-1c1b0d767b8b","host":"en.wikipedia.org","published_at":1512646399852,"views":0,"failures":0,"author":"303c8010-606a-11e6-b467-7071bc63b33d","user_id_user_name_md5":"2571c5aa4304ca9c315dd171f3a63cf8","authored_at":1512646399852,"step_1_image_creation_time":1497850166499,"author_reputation":11,"steps":2,"url":"https://en.wikipedia.org/wiki/Main_Page","tags":[],"ent_id":"ff202210-264e-11e7-a947-7071bc63b33d","user_id":"303c8010-606a-11e6-b467-7071bc63b33d","votes":0,"runs":0},{"author_name":"Animesh","author_user_name_md5":"286c79e5e45edf746cc200eca612cac2","user_id_name":"Animesh","title":"Test cdn export flow","type":"flow","run_direct":true,"picture_modified_time":0,"user_id_reputation":1,"is_static":false,"flow_id":"3dec8ec0-e643-11e7-a0e9-1c1b0d767b8b","host":"localhost","published_at":1513856213412,"views":0,"failures":0,"author":"87093de0-acd9-11e7-bec6-7071bc63b33d","user_id_user_name_md5":"286c79e5e45edf746cc200eca612cac2","authored_at":1513856213412,"step_1_image_creation_time":1513856209204,"author_reputation":1,"steps":1,"url":"http://localhost:8081/test.html","tags":[],"ent_id":"ff202210-264e-11e7-a947-7071bc63b33d","user_id":"87093de0-acd9-11e7-bec6-7071bc63b33d","votes":0,"runs":0},{"author_name":"finil mathew","author_user_name_md5":"ef603c1b37fb61aa40c46c8802216d55","user_id_name":"finil mathew","title":"Tasklist 1","type":"flow","run_direct":true,"picture_modified_time":0,"user_id_reputation":1,"is_static":false,"flow_id":"22ba6380-e642-11e7-9f3a-1c1b0d767b46","host":"localhost","published_at":1513855738293,"views":0,"failures":0,"author":"080495c0-4cd6-11e7-a0c2-7071bc63b33d","user_id_user_name_md5":"ef603c1b37fb61aa40c46c8802216d55","authored_at":1513855738293,"step_1_image_creation_time":1513855717862,"author_reputation":1,"steps":2,"url":"http://localhost:4082/pages/gallery.html","tags":[],"ent_id":"ff202210-264e-11e7-a947-7071bc63b33d","user_id":"080495c0-4cd6-11e7-a0c2-7071bc63b33d","votes":0,"runs":0},{"author_name":"v s shyam","author_user_name_md5":"2571c5aa4304ca9c315dd171f3a63cf8","user_id_name":"v s shyam","title":"wiki icon","type":"flow","run_direct":true,"picture_modified_time":1499837261507,"user_id_reputation":11,"is_static":true,"flow_id":"04359760-d033-11e7-a806-1c1b0d767b8b","host":"en.wikipedia.org","published_at":1511430319059,"views":0,"failures":0,"author":"303c8010-606a-11e6-b467-7071bc63b33d","user_id_user_name_md5":"2571c5aa4304ca9c315dd171f3a63cf8","authored_at":1511430319059,"step_1_image_creation_time":1511430310319,"author_reputation":11,"steps":1,"url":"https://en.wikipedia.org/wiki/Main_Page","tags":[],"ent_id":"ff202210-264e-11e7-a947-7071bc63b33d","user_id":"303c8010-606a-11e6-b467-7071bc63b33d","votes":0,"runs":0}],"meta":{"records":20,"has_search":true,"noindex_tag":"0052aea0-264f-11e7-a947-7071bc63b33d"}}