[{"name":"spotlight","tag_id":"00545c50-264f-11e7-a947-7071bc63b33d","description":"Flows with this tag will spotlight the elements in the flow","ent_id":"ff202210-264e-11e7-a947-7071bc63b33d","flows":0},{"name":"extension","tag_id":"00539900-264f-11e7-a947-7071bc63b33d","description":"Flows with this tag will require browser extension for the live option","ent_id":"ff202210-264e-11e7-a947-7071bc63b33d","flows":0},{"name":"noindex","tag_id":"0052aea0-264f-11e7-a947-7071bc63b33d","description":"Flows with this tag cannot be searched","ent_id":"ff202210-264e-11e7-a947-7071bc63b33d","flows":0},{"name":"nolive","tag_id":"0051c440-264f-11e7-a947-7071bc63b33d","description":"Flows with this tag will not have see live option","ent_id":"ff202210-264e-11e7-a947-7071bc63b33d","flows":0}]